threshold,tpr,bkg_rej,metric,nsig_pass,nbkg_pass
1.0,0.0,0.0,-1.0,0,7463
1.0552763819095476,0.0,0.08441645450891067,-0.9155835454910893,0,6833
1.1105527638190955,0.0,0.08441645450891067,-0.9155835454910893,0,6833
1.1658291457286432,0.0,0.08441645450891067,-0.9155835454910893,0,6833
1.221105527638191,0.0,0.08441645450891067,-0.9155835454910893,0,6833
1.2763819095477387,0.0,0.08441645450891067,-0.9155835454910893,0,6833
1.3316582914572863,0.0,0.08441645450891067,-0.9155835454910893,0,6833
1.3869346733668342,0.0,0.08441645450891067,-0.9155835454910893,0,6833
1.442211055276382,0.0,0.08441645450891067,-0.9155835454910893,0,6833
1.4974874371859297,0.0,0.08441645450891067,-0.9155835454910893,0,6833
1.5527638190954773,0.0,0.08441645450891067,-0.9155835454910893,0,6833
1.6080402010050252,0.0,0.08441645450891067,-0.9155835454910893,0,6833
1.6633165829145728,0.0,0.08441645450891067,-0.9155835454910893,0,6833
1.7185929648241207,0.0,0.08441645450891067,-0.9155835454910893,0,6833
1.7738693467336684,0.0,0.08441645450891067,-0.9155835454910893,0,6833
1.829145728643216,0.0,0.08441645450891067,-0.9155835454910893,0,6833
1.8844221105527639,0.0,0.08441645450891067,-0.9155835454910893,0,6833
1.9396984924623117,0.0,0.08441645450891067,-0.9155835454910893,0,6833
1.9949748743718594,0.0,0.08441645450891067,-0.9155835454910893,0,6833
2.050251256281407,0.0,0.20072356961007642,-0.7992764303899236,0,5965
2.1055276381909547,0.0,0.20072356961007642,-0.7992764303899236,0,5965
2.1608040201005023,0.0,0.20072356961007642,-0.7992764303899236,0,5965
2.2160804020100504,0.0,0.20072356961007642,-0.7992764303899236,0,5965
2.271356783919598,0.0,0.20072356961007642,-0.7992764303899236,0,5965
2.3266331658291457,0.0,0.20072356961007642,-0.7992764303899236,0,5965
2.381909547738694,0.0,0.20072356961007642,-0.7992764303899236,0,5965
2.4371859296482414,0.0,0.20072356961007642,-0.7992764303899236,0,5965
2.492462311557789,0.0,0.20072356961007642,-0.7992764303899236,0,5965
2.5477386934673367,0.0,0.20072356961007642,-0.7992764303899236,0,5965
2.6030150753768844,0.0,0.20072356961007642,-0.7992764303899236,0,5965
2.658291457286432,0.0,0.20072356961007642,-0.7992764303899236,0,5965
2.71356783919598,0.0,0.20072356961007642,-0.7992764303899236,0,5965
2.7688442211055277,0.0,0.20072356961007642,-0.7992764303899236,0,5965
2.8241206030150754,0.0,0.20072356961007642,-0.7992764303899236,0,5965
2.8793969849246235,0.0,0.20072356961007642,-0.7992764303899236,0,5965
2.934673366834171,0.0,0.20072356961007642,-0.7992764303899236,0,5965
2.9899497487437188,0.0,0.20072356961007642,-0.7992764303899236,0,5965
3.0452261306532664,0.0,0.3300281388181696,-0.6699718611818304,0,5000
3.100502512562814,0.0,0.3300281388181696,-0.6699718611818304,0,5000
3.155778894472362,0.0,0.3300281388181696,-0.6699718611818304,0,5000
3.21105527638191,0.0,0.3300281388181696,-0.6699718611818304,0,5000
3.2663316582914574,0.0,0.3300281388181696,-0.6699718611818304,0,5000
3.321608040201005,0.0,0.3300281388181696,-0.6699718611818304,0,5000
3.3768844221105527,0.0,0.3300281388181696,-0.6699718611818304,0,5000
3.432160804020101,0.0,0.3300281388181696,-0.6699718611818304,0,5000
3.4874371859296485,0.0,0.3300281388181696,-0.6699718611818304,0,5000
3.542713567839196,0.0,0.3300281388181696,-0.6699718611818304,0,5000
3.5979899497487438,0.0,0.3300281388181696,-0.6699718611818304,0,5000
3.6532663316582914,0.0,0.3300281388181696,-0.6699718611818304,0,5000
3.7085427135678395,0.0,0.3300281388181696,-0.6699718611818304,0,5000
3.763819095477387,0.0,0.3300281388181696,-0.6699718611818304,0,5000
3.819095477386935,0.0,0.3300281388181696,-0.6699718611818304,0,5000
3.8743718592964824,0.0,0.3300281388181696,-0.6699718611818304,0,5000
3.9296482412060305,0.0,0.3300281388181696,-0.6699718611818304,0,5000
3.984924623115578,0.0,0.3300281388181696,-0.6699718611818304,0,5000
4.040201005025126,0.0,0.46563044352137206,-0.5343695564786279,0,3988
4.0954773869346734,0.0,0.46563044352137206,-0.5343695564786279,0,3988
4.150753768844221,0.0,0.46563044352137206,-0.5343695564786279,0,3988
4.206030150753769,0.0,0.46563044352137206,-0.5343695564786279,0,3988
4.261306532663317,0.0,0.46563044352137206,-0.5343695564786279,0,3988
4.316582914572864,0.0,0.46563044352137206,-0.5343695564786279,0,3988
4.371859296482413,0.0,0.46563044352137206,-0.5343695564786279,0,3988
4.42713567839196,0.0,0.46563044352137206,-0.5343695564786279,0,3988
4.482412060301508,0.0,0.46563044352137206,-0.5343695564786279,0,3988
4.5376884422110555,0.0,0.46563044352137206,-0.5343695564786279,0,3988
4.592964824120603,0.0,0.46563044352137206,-0.5343695564786279,0,3988
4.648241206030151,0.0,0.46563044352137206,-0.5343695564786279,0,3988
4.703517587939698,0.0,0.46563044352137206,-0.5343695564786279,0,3988
4.758793969849247,0.0,0.46563044352137206,-0.5343695564786279,0,3988
4.814070351758794,0.0,0.46563044352137206,-0.5343695564786279,0,3988
4.869346733668342,0.0,0.46563044352137206,-0.5343695564786279,0,3988
4.92462311557789,0.0,0.46563044352137206,-0.5343695564786279,0,3988
4.9798994974874375,0.0,0.46563044352137206,-0.5343695564786279,0,3988
5.035175879396985,0.0,0.594801018357229,-0.405198981642771,0,3024
5.090452261306533,0.0,0.594801018357229,-0.405198981642771,0,3024
5.1457286432160805,0.0,0.594801018357229,-0.405198981642771,0,3024
5.201005025125628,0.0,0.594801018357229,-0.405198981642771,0,3024
5.256281407035176,0.0,0.594801018357229,-0.405198981642771,0,3024
5.311557788944724,0.0,0.594801018357229,-0.405198981642771,0,3024
5.366834170854272,0.0,0.594801018357229,-0.405198981642771,0,3024
5.42211055276382,0.0,0.594801018357229,-0.405198981642771,0,3024
5.477386934673367,0.0,0.594801018357229,-0.405198981642771,0,3024
5.532663316582915,0.0,0.594801018357229,-0.405198981642771,0,3024
5.5879396984924625,0.0,0.594801018357229,-0.405198981642771,0,3024
5.64321608040201,0.0,0.594801018357229,-0.405198981642771,0,3024
5.698492462311558,0.0,0.594801018357229,-0.405198981642771,0,3024
5.7537688442211055,0.0,0.594801018357229,-0.405198981642771,0,3024
5.809045226130654,0.0,0.594801018357229,-0.405198981642771,0,3024
5.864321608040202,0.0,0.594801018357229,-0.405198981642771,0,3024
5.919597989949749,0.0,0.594801018357229,-0.405198981642771,0,3024
5.974874371859297,0.0,0.594801018357229,-0.405198981642771,0,3024
6.030150753768845,0.0,0.7237036044486131,-0.27629639555138685,0,2062
6.085427135678392,0.0,0.7237036044486131,-0.27629639555138685,0,2062
6.14070351758794,0.0,0.7237036044486131,-0.27629639555138685,0,2062
6.1959798994974875,0.0,0.7237036044486131,-0.27629639555138685,0,2062
6.251256281407035,0.0,0.7237036044486131,-0.27629639555138685,0,2062
6.306532663316583,0.0,0.7237036044486131,-0.27629639555138685,0,2062
6.361809045226131,0.0,0.7237036044486131,-0.27629639555138685,0,2062
6.417085427135679,0.0,0.7237036044486131,-0.27629639555138685,0,2062
6.472361809045227,0.0,0.7237036044486131,-0.27629639555138685,0,2062
6.527638190954774,0.0,0.7237036044486131,-0.27629639555138685,0,2062
6.582914572864322,0.0,0.7237036044486131,-0.27629639555138685,0,2062
6.63819095477387,0.0,0.7237036044486131,-0.27629639555138685,0,2062
6.693467336683417,0.0,0.7237036044486131,-0.27629639555138685,0,2062
6.748743718592965,0.0,0.7237036044486131,-0.27629639555138685,0,2062
6.8040201005025125,0.0,0.7237036044486131,-0.27629639555138685,0,2062
6.859296482412061,0.0,0.7237036044486131,-0.27629639555138685,0,2062
6.914572864321609,0.0,0.7237036044486131,-0.27629639555138685,0,2062
6.969849246231156,0.0,0.7237036044486131,-0.27629639555138685,0,2062
7.025125628140704,0.0,0.8307651078654696,-0.16923489213453036,0,1263
7.080402010050252,0.0,0.8307651078654696,-0.16923489213453036,0,1263
7.135678391959799,0.0,0.8307651078654696,-0.16923489213453036,0,1263
7.190954773869347,0.0,0.8307651078654696,-0.16923489213453036,0,1263
7.2462311557788945,0.0,0.8307651078654696,-0.16923489213453036,0,1263
7.301507537688442,0.0,0.8307651078654696,-0.16923489213453036,0,1263
7.356783919597991,0.0,0.8307651078654696,-0.16923489213453036,0,1263
7.412060301507538,0.0,0.8307651078654696,-0.16923489213453036,0,1263
7.467336683417086,0.0,0.8307651078654696,-0.16923489213453036,0,1263
7.522613065326634,0.0,0.8307651078654696,-0.16923489213453036,0,1263
7.577889447236181,0.0,0.8307651078654696,-0.16923489213453036,0,1263
7.633165829145729,0.0,0.8307651078654696,-0.16923489213453036,0,1263
7.688442211055277,0.0,0.8307651078654696,-0.16923489213453036,0,1263
7.743718592964824,0.0,0.8307651078654696,-0.16923489213453036,0,1263
7.798994974874372,0.0,0.8307651078654696,-0.16923489213453036,0,1263
7.85427135678392,0.0,0.8307651078654696,-0.16923489213453036,0,1263
7.909547738693468,0.0,0.8307651078654696,-0.16923489213453036,0,1263
7.964824120603016,0.0,0.8307651078654696,-0.16923489213453036,0,1263
8.020100502512562,0.0,0.9167894948412166,-0.08321050515878337,0,621
8.075376884422111,0.0,0.9167894948412166,-0.08321050515878337,0,621
8.13065326633166,0.0,0.9167894948412166,-0.08321050515878337,0,621
8.185929648241206,0.0,0.9167894948412166,-0.08321050515878337,0,621
8.241206030150753,0.0,0.9167894948412166,-0.08321050515878337,0,621
8.296482412060302,0.0,0.9167894948412166,-0.08321050515878337,0,621
8.35175879396985,0.0,0.9167894948412166,-0.08321050515878337,0,621
8.407035175879397,0.0,0.9167894948412166,-0.08321050515878337,0,621
8.462311557788945,0.0,0.9167894948412166,-0.08321050515878337,0,621
8.517587939698494,0.0,0.9167894948412166,-0.08321050515878337,0,621
8.57286432160804,0.0,0.9167894948412166,-0.08321050515878337,0,621
8.628140703517587,0.0,0.9167894948412166,-0.08321050515878337,0,621
8.683417085427136,0.0,0.9167894948412166,-0.08321050515878337,0,621
8.738693467336685,0.0,0.9167894948412166,-0.08321050515878337,0,621
8.793969849246231,0.0,0.9167894948412166,-0.08321050515878337,0,621
8.84924623115578,0.0,0.9167894948412166,-0.08321050515878337,0,621
8.904522613065328,0.0,0.9167894948412166,-0.08321050515878337,0,621
8.959798994974875,0.0,0.9167894948412166,-0.08321050515878337,0,621
9.015075376884422,0.0,0.9651614632185448,-0.03483853678145521,0,260
9.07035175879397,0.0,0.9651614632185448,-0.03483853678145521,0,260
9.125628140703519,0.0,0.9651614632185448,-0.03483853678145521,0,260
9.180904522613066,0.0,0.9651614632185448,-0.03483853678145521,0,260
9.236180904522614,0.0,0.9651614632185448,-0.03483853678145521,0,260
9.291457286432161,0.0,0.9651614632185448,-0.03483853678145521,0,260
9.34673366834171,0.0,0.9651614632185448,-0.03483853678145521,0,260
9.402010050251256,0.0,0.9651614632185448,-0.03483853678145521,0,260
9.457286432160805,0.0,0.9651614632185448,-0.03483853678145521,0,260
9.512562814070352,0.0,0.9651614632185448,-0.03483853678145521,0,260
9.5678391959799,0.0,0.9651614632185448,-0.03483853678145521,0,260
9.623115577889449,0.0,0.9651614632185448,-0.03483853678145521,0,260
9.678391959798995,0.0,0.9651614632185448,-0.03483853678145521,0,260
9.733668341708544,0.0,0.9651614632185448,-0.03483853678145521,0,260
9.78894472361809,0.0,0.9651614632185448,-0.03483853678145521,0,260
9.84422110552764,0.0,0.9651614632185448,-0.03483853678145521,0,260
9.899497487437186,0.0,0.9651614632185448,-0.03483853678145521,0,260
9.954773869346734,0.0,0.9651614632185448,-0.03483853678145521,0,260
10.010050251256281,0.0,0.9899504220822726,-0.010049577917727426,0,75
10.06532663316583,0.0,0.9899504220822726,-0.010049577917727426,0,75
10.120603015075378,0.0,0.9899504220822726,-0.010049577917727426,0,75
10.175879396984925,0.0,0.9899504220822726,-0.010049577917727426,0,75
10.231155778894474,0.0,0.9899504220822726,-0.010049577917727426,0,75
10.28643216080402,0.0,0.9899504220822726,-0.010049577917727426,0,75
10.341708542713569,0.0,0.9899504220822726,-0.010049577917727426,0,75
10.396984924623116,0.0,0.9899504220822726,-0.010049577917727426,0,75
10.452261306532664,0.0,0.9899504220822726,-0.010049577917727426,0,75
10.507537688442211,0.0,0.9899504220822726,-0.010049577917727426,0,75
10.56281407035176,0.0,0.9899504220822726,-0.010049577917727426,0,75
10.618090452261308,0.0,0.9899504220822726,-0.010049577917727426,0,75
10.673366834170855,0.0,0.9899504220822726,-0.010049577917727426,0,75
10.728643216080403,0.0,0.9899504220822726,-0.010049577917727426,0,75
10.78391959798995,0.0,0.9899504220822726,-0.010049577917727426,0,75
10.839195979899499,0.0,0.9899504220822726,-0.010049577917727426,0,75
10.894472361809045,0.0,0.9899504220822726,-0.010049577917727426,0,75
10.949748743718594,0.0,0.9899504220822726,-0.010049577917727426,0,75
11.00502512562814,0.0,0.9982580731609273,-0.001741926839072705,0,13
11.06030150753769,0.0,0.9982580731609273,-0.001741926839072705,0,13
11.115577889447238,0.0,0.9982580731609273,-0.001741926839072705,0,13
11.170854271356784,0.0,0.9982580731609273,-0.001741926839072705,0,13
11.226130653266333,0.0,0.9982580731609273,-0.001741926839072705,0,13
11.28140703517588,0.0,0.9982580731609273,-0.001741926839072705,0,13
11.336683417085428,0.0,0.9982580731609273,-0.001741926839072705,0,13
11.391959798994975,0.0,0.9982580731609273,-0.001741926839072705,0,13
11.447236180904524,0.0,0.9982580731609273,-0.001741926839072705,0,13
11.50251256281407,0.0,0.9982580731609273,-0.001741926839072705,0,13
11.557788944723619,0.0,0.9982580731609273,-0.001741926839072705,0,13
11.613065326633166,0.0,0.9982580731609273,-0.001741926839072705,0,13
11.668341708542714,0.0,0.9982580731609273,-0.001741926839072705,0,13
11.723618090452263,0.0,0.9982580731609273,-0.001741926839072705,0,13
11.77889447236181,0.0,0.9982580731609273,-0.001741926839072705,0,13
11.834170854271358,0.0,0.9982580731609273,-0.001741926839072705,0,13
11.889447236180905,0.0,0.9982580731609273,-0.001741926839072705,0,13
11.944723618090453,0.0,0.9982580731609273,-0.001741926839072705,0,13
12.0,0.0,0.9982580731609273,-0.001741926839072705,0,13
